Workbook

Sheet Bannister's Demand
A1: PUB_Demand_2025
A2: \\Hourly Demand Report
A3: \\Created at 2026-01-31 07:30:13 | C3: Bannister's Road Hourly Average | D3: 1.5785927
A4: \\For 2025 | C4: MW | D4: MW
A5: Date | B5: Hour | C5: Market Demand | D5: Ontario Demand | E5: Day Avg. | F5: Day Multiplier | G5: Projected W Demand
A6: 2025-01-01 | B6: 1 | C6: 17247 | D6: 13887 | E6: =SUMIF($A$6:$A$8764,A6,$D$6:$D$8764)/24 -> 15330.792 | F6: =D6/E6 -> 0.90582406 | G6: =$D$3*F6*1000000 -> 1429927.3
A7: 2025-01-01 | B7: 2 | C7: 17355 | D7: 13722 | E7: =SUMIF($A$6:$A$8764,A7,$D$6:$D$8764)/24 -> 15330.792 | F7: =D7/E7 -> 0.89506141 | G7: =$D$3*F7*1000000 -> 1412937.4
A8: 2025-01-01 | B8: 3 | C8: 17638 | D8: 13688 | E8: =SUMIF($A$6:$A$8764,A8,$D$6:$D$8764)/24 -> 15330.792 | F8: =D8/E8 -> 0.89284365 | G8: =$D$3*F8*1000000 -> 1409436.5
A9: 2025-01-01 | B9: 4 | C9: 17065 | D9: 13613 | E9: =SUMIF($A$6:$A$8764,A9,$D$6:$D$8764)/24 -> 15330.792 | F9: =D9/E9 -> 0.88795154 | G9: =$D$3*F9*1000000 -> 1401713.8
A10: 2025-01-01 | B10: 5 | C10: 17498 | D10: 13593 | E10: =SUMIF($A$6:$A$8764,A10,$D$6:$D$8764)/24 -> 15330.792 | F10: =D10/E10 -> 0.88664697 | G10: =$D$3*F10*1000000 -> 1399654.4
A11: 2025-01-01 | B11: 6 | C11: 17379 | D11: 13674 | E11: =SUMIF($A$6:$A$8764,A11,$D$6:$D$8764)/24 -> 15330.792 | F11: =D11/E11 -> 0.89193046 | G11: =$D$3*F11*1000000 -> 1407994.9
A12: 2025-01-01 | B12: 7 | C12: 17627 | D12: 13957 | E12: =SUMIF($A$6:$A$8764,A12,$D$6:$D$8764)/24 -> 15330.792 | F12: =D12/E12 -> 0.91039004 | G12: =$D$3*F12*1000000 -> 1437135.1
A13: 2025-01-01 | B13: 8 | C13: 18136 | D13: 14315 | E13: =SUMIF($A$6:$A$8764,A13,$D$6:$D$8764)/24 -> 15330.792 | F13: =D13/E13 -> 0.93374173 | G13: =$D$3*F13*1000000 -> 1473997.9
A14: 2025-01-01 | B14: 9 | C14: 18173 | D14: 14604 | E14: =SUMIF($A$6:$A$8764,A14,$D$6:$D$8764)/24 -> 15330.792 | F14: =D14/E14 -> 0.95259269 | G14: =$D$3*F14*1000000 -> 1503755.9
A15: 2025-01-01 | B15: 10 | C15: 18182 | D15: 15056 | E15: =SUMIF($A$6:$A$8764,A15,$D$6:$D$8764)/24 -> 15330.792 | F15: =D15/E15 -> 0.98207583 | G15: =$D$3*F15*1000000 -> 1550297.7
A16: 2025-01-01 | B16: 11 | C16: 18121 | D16: 15521 | E16: =SUMIF($A$6:$A$8764,A16,$D$6:$D$8764)/24 -> 15330.792 | F16: =D16/E16 -> 1.0124069 | G16: =$D$3*F16*1000000 -> 1598178.2
A17: 2025-01-01 | B17: 12 | C17: 18156 | D17: 15800 | E17: =SUMIF($A$6:$A$8764,A17,$D$6:$D$8764)/24 -> 15330.792 | F17: =D17/E17 -> 1.0306056 | G17: =$D$3*F17*1000000 -> 1626906.5
... A8764: 2025-12-31 | B8764: 24 | C8764: 20042 | D8764: 16946 | E8764: =SUMIF($A$6:$A$8764,A8764,$D$6:$D$8764)/24 -> 17826.375 | F8764: =D8764/E8764 -> 0.95061391 | G8764: =$D$3*F8764*1000000 -> 1500632.2

Sheet Bannister's Noise
A1: Hour | B1: Regression | C1: Average | D1: Max value | F1: Min value | H1: MaxReg Dist | I1: MinReg Dist
A2: 1 | B2: =128892.109*(-SIN(2*PI()/24*(A2+1.92))-COS(2*PI()/24*2*(A2+501.65319)))+1578751.53 -> 1391389.7 | C2: =AVERAGEIFS('Bannister''s Demand'!$F:$F,'Bannister''s Demand'!$B:$B,'Bannister''s Noise'!$A2) -> 0.88699129 | D2: =_xlfn.MAXIFS('Bannister''s Demand'!$F:$F,'Bannister''s Demand'!$B:$B,'Bannister''s Noise'!$A2) -> 0.99728183 | E2: =D2/C2*B2 -> 1564398.3 | F2: =_xlfn.MINIFS('Bannister''s Demand'!$F:$F,'Bannister''s Demand'!$B:$B,'Bannister''s Noise'!$A2) -> 0.77242694 | G2: =F2/C2*B2 -> 1211677 | H2: =ABS(E2-$B2) -> 173008.61 | I2: =ABS(G2-$B2) -> 179712.77
A3: 2 | B3: =128892.109*(-SIN(2*PI()/24*(A3+1.92))-COS(2*PI()/24*2*(A3+501.65319)))+1578751.53 -> 1341729 | C3: =AVERAGEIFS('Bannister''s Demand'!$F:$F,'Bannister''s Demand'!$B:$B,'Bannister''s Noise'!$A3) -> 0.86573379 | D3: =_xlfn.MAXIFS('Bannister''s Demand'!$F:$F,'Bannister''s Demand'!$B:$B,'Bannister''s Noise'!$A3) -> 0.96142865 | E3: =D3/C3*B3 -> 1490038.5 | F3: =_xlfn.MINIFS('Bannister''s Demand'!$F:$F,'Bannister''s Demand'!$B:$B,'Bannister''s Noise'!$A3) -> 0.72804323 | G3: =F3/C3*B3 -> 1128333.8 | H3: =ABS(E3-$B3) -> 148309.52 | I3: =ABS(G3-$B3) -> 213395.18
A4: 3 | B4: =128892.109*(-SIN(2*PI()/24*(A4+1.92))-COS(2*PI()/24*2*(A4+501.65319)))+1578751.53 -> 1333550.2 | C4: =AVERAGEIFS('Bannister''s Demand'!$F:$F,'Bannister''s Demand'!$B:$B,'Bannister''s Noise'!$A4) -> 0.85481198 | D4: =_xlfn.MAXIFS('Bannister''s Demand'!$F:$F,'Bannister''s Demand'!$B:$B,'Bannister''s Noise'!$A4) -> 0.94907029 | E4: =D4/C4*B4 -> 1480598 | F4: =_xlfn.MINIFS('Bannister''s Demand'!$F:$F,'Bannister''s Demand'!$B:$B,'Bannister''s Noise'!$A4) -> 0.7058263 | G4: =F4/C4*B4 -> 1101125 | H4: =ABS(E4-$B4) -> 147047.77 | I4: =ABS(G4-$B4) -> 232425.25
A5: 4 | B5: =128892.109*(-SIN(2*PI()/24*(A5+1.92))-COS(2*PI()/24*2*(A5+501.65319)))+1578751.53 -> 1366342.8 | C5: =AVERAGEIFS('Bannister''s Demand'!$F:$F,'Bannister''s Demand'!$B:$B,'Bannister''s Noise'!$A5) -> 0.8535175 | D5: =_xlfn.MAXIFS('Bannister''s Demand'!$F:$F,'Bannister''s Demand'!$B:$B,'Bannister''s Noise'!$A5) -> 0.95322352 | E5: =D5/C5*B5 -> 1525955.9 | F5: =_xlfn.MINIFS('Bannister''s Demand'!$F:$F,'Bannister''s Demand'!$B:$B,'Bannister''s Noise'!$A5) -> 0.70236588 | G5: =F5/C5*B5 -> 1124373.6 | H5: =ABS(E5-$B5) -> 159613.12 | I5: =ABS(G5-$B5) -> 241969.18
A6: 5 | B6: =128892.109*(-SIN(2*PI()/24*(A6+1.92))-COS(2*PI()/24*2*(A6+501.65319)))+1578751.53 -> 1430303 | C6: =AVERAGEIFS('Bannister''s Demand'!$F:$F,'Bannister''s Demand'!$B:$B,'Bannister''s Noise'!$A6) -> 0.86762154 | D6: =_xlfn.MAXIFS('Bannister''s Demand'!$F:$F,'Bannister''s Demand'!$B:$B,'Bannister''s Noise'!$A6) -> 0.99270186 | E6: =D6/C6*B6 -> 1636502 | F6: =_xlfn.MINIFS('Bannister''s Demand'!$F:$F,'Bannister''s Demand'!$B:$B,'Bannister''s Noise'!$A6) -> 0.71400093 | G6: =F6/C6*B6 -> 1177054.3 | H6: =ABS(E6-$B6) -> 206199.07 | I6: =ABS(G6-$B6) -> 253248.69
A7: 6 | B7: =128892.109*(-SIN(2*PI()/24*(A7+1.92))-COS(2*PI()/24*2*(A7+501.65319)))+1578751.53 -> 1509030.5 | C7: =AVERAGEIFS('Bannister''s Demand'!$F:$F,'Bannister''s Demand'!$B:$B,'Bannister''s Noise'!$A7) -> 0.90721964 | D7: =_xlfn.MAXIFS('Bannister''s Demand'!$F:$F,'Bannister''s Demand'!$B:$B,'Bannister''s Noise'!$A7) -> 1.0730837 | E7: =D7/C7*B7 -> 1784921.6 | F7: =_xlfn.MINIFS('Bannister''s Demand'!$F:$F,'Bannister''s Demand'!$B:$B,'Bannister''s Noise'!$A7) -> 0.74630068 | G7: =F7/C7*B7 -> 1241364.7 | H7: =ABS(E7-$B7) -> 275891.11 | I7: =ABS(G7-$B7) -> 267665.75
A8: 7 | B8: =128892.109*(-SIN(2*PI()/24*(A8+1.92))-COS(2*PI()/24*2*(A8+501.65319)))+1578751.53 -> 1583872.3 | C8: =AVERAGEIFS('Bannister''s Demand'!$F:$F,'Bannister''s Demand'!$B:$B,'Bannister''s Noise'!$A8) -> 0.96351601 | D8: =_xlfn.MAXIFS('Bannister''s Demand'!$F:$F,'Bannister''s Demand'!$B:$B,'Bannister''s Noise'!$A8) -> 1.1279979 | E8: =D8/C8*B8 -> 1854255.4 | F8: =_xlfn.MINIFS('Bannister''s Demand'!$F:$F,'Bannister''s Demand'!$B:$B,'Bannister''s Noise'!$A8) -> 0.78438859 | G8: =F8/C8*B8 -> 1289414.4 | H8: =ABS(E8-$B8) -> 270383.03 | I8: =ABS(G8-$B8) -> 294457.97
A9: 8 | B9: =128892.109*(-SIN(2*PI()/24*(A9+1.92))-COS(2*PI()/24*2*(A9+501.65319)))+1578751.53 -> 1638754.8 | C9: =AVERAGEIFS('Bannister''s Demand'!$F:$F,'Bannister''s Demand'!$B:$B,'Bannister''s Noise'!$A9) -> 1.0045106 | D9: =_xlfn.MAXIFS('Bannister''s Demand'!$F:$F,'Bannister''s Demand'!$B:$B,'Bannister''s Noise'!$A9) -> 1.125177 | E9: =D9/C9*B9 -> 1835609.5 | F9: =_xlfn.MINIFS('Bannister''s Demand'!$F:$F,'Bannister''s Demand'!$B:$B,'Bannister''s Noise'!$A9) -> 0.85140071 | G9: =F9/C9*B9 -> 1388971.8 | H9: =ABS(E9-$B9) -> 196854.68 | I9: =ABS(G9-$B9) -> 249782.95
A10: 9 | B10: =128892.109*(-SIN(2*PI()/24*(A10+1.92))-COS(2*PI()/24*2*(A10+501.65319)))+1578751.53 -> 1664218.8 | C10: =AVERAGEIFS('Bannister''s Demand'!$F:$F,'Bannister''s Demand'!$B:$B,'Bannister''s Noise'!$A10) -> 1.0201846 | D10: =_xlfn.MAXIFS('Bannister''s Demand'!$F:$F,'Bannister''s Demand'!$B:$B,'Bannister''s Noise'!$A10) -> 1.1069069 | E10: =D10/C10*B10 -> 1805688.3 | F10: =_xlfn.MINIFS('Bannister''s Demand'!$F:$F,'Bannister''s Demand'!$B:$B,'Bannister''s Noise'!$A10) -> 0.90692523 | G10: =F10/C10*B10 -> 1479459.8 | H10: =ABS(E10-$B10) -> 141469.51 | I10: =ABS(G10-$B10) -> 184759.02
A11: 10 | B11: =128892.109*(-SIN(2*PI()/24*(A11+1.92))-COS(2*PI()/24*2*(A11+501.65319)))+1578751.53 -> 1659597.1 | C11: =AVERAGEIFS('Bannister''s Demand'!$F:$F,'Bannister''s Demand'!$B:$B,'Bannister''s Noise'!$A11) -> 1.027895 | D11: =_xlfn.MAXIFS('Bannister''s Demand'!$F:$F,'Bannister''s Demand'!$B:$B,'Bannister''s Noise'!$A11) -> 1.0993835 | E11: =D11/C11*B11 -> 1775019.5 | F11: =_xlfn.MINIFS('Bannister''s Demand'!$F:$F,'Bannister''s Demand'!$B:$B,'Bannister''s Noise'!$A11) -> 0.95611014 | G11: =F11/C11*B11 -> 1543696.2 | H11: =ABS(E11-$B11) -> 115422.4 | I11: =ABS(G11-$B11) -> 115900.96
A12: 11 | B12: =128892.109*(-SIN(2*PI()/24*(A12+1.92))-COS(2*PI()/24*2*(A12+501.65319)))+1578751.53 -> 1632773.6 | C12: =AVERAGEIFS('Bannister''s Demand'!$F:$F,'Bannister''s Demand'!$B:$B,'Bannister''s Noise'!$A12) -> 1.0341736 | D12: =_xlfn.MAXIFS('Bannister''s Demand'!$F:$F,'Bannister''s Demand'!$B:$B,'Bannister''s Noise'!$A12) -> 1.1123944 | E12: =D12/C12*B12 -> 1756270.2 | F12: =_xlfn.MINIFS('Bannister''s Demand'!$F:$F,'Bannister''s Demand'!$B:$B,'Bannister''s Noise'!$A12) -> 0.94668053 | G12: =F12/C12*B12 -> 1494637.9 | H12: =ABS(E12-$B12) -> 123496.55 | I12: =ABS(G12-$B12) -> 138135.75
A13: 12 | B13: =128892.109*(-SIN(2*PI()/24*(A13+1.92))-COS(2*PI()/24*2*(A13+501.65319)))+1578751.53 -> 1597617.8 | C13: =AVERAGEIFS('Bannister''s Demand'!$F:$F,'Bannister''s Demand'!$B:$B,'Bannister''s Noise'!$A13) -> 1.038191 | D13: =_xlfn.MAXIFS('Bannister''s Demand'!$F:$F,'Bannister''s Demand'!$B:$B,'Bannister''s Noise'!$A13) -> 1.1184018 | E13: =D13/C13*B13 -> 1721050.1 | F13: =_xlfn.MINIFS('Bannister''s Demand'!$F:$F,'Bannister''s Demand'!$B:$B,'Bannister''s Noise'!$A13) -> 0.94880895 | G13: =F13/C13*B13 -> 1460072.5 | H13: =ABS(E13-$B13) -> 123432.29 | I13: =ABS(G13-$B13) -> 137545.3
... A25: 24 | B25: =128892.109*(-SIN(2*PI()/24*(A25+1.92))-COS(2*PI()/24*2*(A25+501.65319)))+1578751.53 -> 1473429.3 | C25: =AVERAGEIFS('Bannister''s Demand'!$F:$F,'Bannister''s Demand'!$B:$B,'Bannister''s Noise'!$A25) -> 0.92354493 | D25: =_xlfn.MAXIFS('Bannister''s Demand'!$F:$F,'Bannister''s Demand'!$B:$B,'Bannister''s Noise'!$A25) -> 1.0094792 | E25: =D25/C25*B25 -> 1610529.4 | F25: =_xlfn.MINIFS('Bannister''s Demand'!$F:$F,'Bannister''s Demand'!$B:$B,'Bannister''s Noise'!$A25) -> 0.78186939 | G25: =F25/C25*B25 -> 1247399.3 | H25: =ABS(E25-$B25) -> 137100.05 | I25: =ABS(G25-$B25) -> 226030.05
H26: =AVERAGE(H2:H25) -> 175906.24 | I26: =AVERAGE(I2:I25) -> 196028.2

Sheet Watt Joule Calculations
B1: MMBTu/yr | C1: kWh/year | D1: MWh/hour | E1: Wh | F1: W | G1: J/yr | H1: J/hr
B2: 368000 | C2: =B2*293.071 -> 1.0785013e+08 | D2: =C2/1000/24/365 -> 12.311658 | E2: =C2*1000 -> 1.0785013e+11 | F2: =E2/24/365 -> 12311658 | G2: =B2*10^6*1.055 -> 388240000000 | H2: =G2/365/24 -> 44319635

Sheet 25% Corner Brook Demand
A1: PUB_Demand_2025
A2: \\Hourly Demand Report
A3: \\Created at 2026-01-31 07:30:13 | C3: Bannister's Road Hourly Average | D3: 5.7622241
A4: \\For 2025 | C4: MW | D4: MW
A5: Date | B5: Hour | C5: Market Demand | D5: Ontario Demand | E5: Day Avg. | F5: Day Multiplier | G5: Projected W Demand
A6: 2025-01-01 | B6: 1 | C6: 17247 | D6: 13887 | E6: =SUMIF($A$6:$A$8764,A6,$D$6:$D$8764)/24 -> 15330.792 | F6: =D6/E6 -> 0.90582406 | G6: =$D$3*F6*1000000 -> 5219561.3
A7: 2025-01-01 | B7: 2 | C7: 17355 | D7: 13722 | E7: =SUMIF($A$6:$A$8764,A7,$D$6:$D$8764)/24 -> 15330.792 | F7: =D7/E7 -> 0.89506141 | G7: =$D$3*F7*1000000 -> 5157544.4
A8: 2025-01-01 | B8: 3 | C8: 17638 | D8: 13688 | E8: =SUMIF($A$6:$A$8764,A8,$D$6:$D$8764)/24 -> 15330.792 | F8: =D8/E8 -> 0.89284365 | G8: =$D$3*F8*1000000 -> 5144765.2
A9: 2025-01-01 | B9: 4 | C9: 17065 | D9: 13613 | E9: =SUMIF($A$6:$A$8764,A9,$D$6:$D$8764)/24 -> 15330.792 | F9: =D9/E9 -> 0.88795154 | G9: =$D$3*F9*1000000 -> 5116575.8
A10: 2025-01-01 | B10: 5 | C10: 17498 | D10: 13593 | E10: =SUMIF($A$6:$A$8764,A10,$D$6:$D$8764)/24 -> 15330.792 | F10: =D10/E10 -> 0.88664697 | G10: =$D$3*F10*1000000 -> 5109058.6
A11: 2025-01-01 | B11: 6 | C11: 17379 | D11: 13674 | E11: =SUMIF($A$6:$A$8764,A11,$D$6:$D$8764)/24 -> 15330.792 | F11: =D11/E11 -> 0.89193046 | G11: =$D$3*F11*1000000 -> 5139503.2
A12: 2025-01-01 | B12: 7 | C12: 17627 | D12: 13957 | E12: =SUMIF($A$6:$A$8764,A12,$D$6:$D$8764)/24 -> 15330.792 | F12: =D12/E12 -> 0.91039004 | G12: =$D$3*F12*1000000 -> 5245871.4
A13: 2025-01-01 | B13: 8 | C13: 18136 | D13: 14315 | E13: =SUMIF($A$6:$A$8764,A13,$D$6:$D$8764)/24 -> 15330.792 | F13: =D13/E13 -> 0.93374173 | G13: =$D$3*F13*1000000 -> 5380429.1
A14: 2025-01-01 | B14: 9 | C14: 18173 | D14: 14604 | E14: =SUMIF($A$6:$A$8764,A14,$D$6:$D$8764)/24 -> 15330.792 | F14: =D14/E14 -> 0.95259269 | G14: =$D$3*F14*1000000 -> 5489052.6
A15: 2025-01-01 | B15: 10 | C15: 18182 | D15: 15056 | E15: =SUMIF($A$6:$A$8764,A15,$D$6:$D$8764)/24 -> 15330.792 | F15: =D15/E15 -> 0.98207583 | G15: =$D$3*F15*1000000 -> 5658941.1
A16: 2025-01-01 | B16: 11 | C16: 18121 | D16: 15521 | E16: =SUMIF($A$6:$A$8764,A16,$D$6:$D$8764)/24 -> 15330.792 | F16: =D16/E16 -> 1.0124069 | G16: =$D$3*F16*1000000 -> 5833715.7
A17: 2025-01-01 | B17: 12 | C17: 18156 | D17: 15800 | E17: =SUMIF($A$6:$A$8764,A17,$D$6:$D$8764)/24 -> 15330.792 | F17: =D17/E17 -> 1.0306056 | G17: =$D$3*F17*1000000 -> 5938580.5
... A8764: 2025-12-31 | B8764: 24 | C8764: 20042 | D8764: 16946 | E8764: =SUMIF($A$6:$A$8764,A8764,$D$6:$D$8764)/24 -> 17826.375 | F8764: =D8764/E8764 -> 0.95061391 | G8764: =$D$3*F8764*1000000 -> 5477650.4

Sheet 25% CB Noise
A1: Hour | B1: Regression | C1: Average | D1: Max value | F1: Min value | H1: MaxReg Dist | I1: MinReg Dist
A2: 1 | B2: =470485.656*(-SIN(2*PI()/24*(A2+1.92))-COS(2*PI()/24*2*(A2+501.65319)))+5762803.89 -> 5078890.5 | C2: =AVERAGEIFS('Bannister''s Demand'!$F:$F,'Bannister''s Demand'!$B:$B,'25% CB Noise'!$A2) -> 0.88699129 | D2: =_xlfn.MAXIFS('Bannister''s Demand'!$F:$F,'Bannister''s Demand'!$B:$B,'25% CB Noise'!$A2) -> 0.99728183 | E2: =D2/C2*B2 -> 5710411.5 | F2: =_xlfn.MINIFS('Bannister''s Demand'!$F:$F,'Bannister''s Demand'!$B:$B,'25% CB Noise'!$A2) -> 0.77242694 | G2: =F2/C2*B2 -> 4422897.8 | H2: =ABS(E2-$B2) -> 631520.97 | I2: =ABS(G2-$B2) -> 655992.68
A3: 2 | B3: =470485.656*(-SIN(2*PI()/24*(A3+1.92))-COS(2*PI()/24*2*(A3+501.65319)))+5762803.89 -> 4897617.4 | C3: =AVERAGEIFS('Bannister''s Demand'!$F:$F,'Bannister''s Demand'!$B:$B,'25% CB Noise'!$A3) -> 0.86573379 | D3: =_xlfn.MAXIFS('Bannister''s Demand'!$F:$F,'Bannister''s Demand'!$B:$B,'25% CB Noise'!$A3) -> 0.96142865 | E3: =D3/C3*B3 -> 5438981 | F3: =_xlfn.MINIFS('Bannister''s Demand'!$F:$F,'Bannister''s Demand'!$B:$B,'25% CB Noise'!$A3) -> 0.72804323 | G3: =F3/C3*B3 -> 4118676.2 | H3: =ABS(E3-$B3) -> 541363.65 | I3: =ABS(G3-$B3) -> 778941.17
A4: 3 | B4: =470485.656*(-SIN(2*PI()/24*(A4+1.92))-COS(2*PI()/24*2*(A4+501.65319)))+5762803.89 -> 4867763.1 | C4: =AVERAGEIFS('Bannister''s Demand'!$F:$F,'Bannister''s Demand'!$B:$B,'25% CB Noise'!$A4) -> 0.85481198 | D4: =_xlfn.MAXIFS('Bannister''s Demand'!$F:$F,'Bannister''s Demand'!$B:$B,'25% CB Noise'!$A4) -> 0.94907029 | E4: =D4/C4*B4 -> 5404521.1 | F4: =_xlfn.MINIFS('Bannister''s Demand'!$F:$F,'Bannister''s Demand'!$B:$B,'25% CB Noise'!$A4) -> 0.7058263 | G4: =F4/C4*B4 -> 4019357.8 | H4: =ABS(E4-$B4) -> 536757.96 | I4: =ABS(G4-$B4) -> 848405.27
A5: 4 | B5: =470485.656*(-SIN(2*PI()/24*(A5+1.92))-COS(2*PI()/24*2*(A5+501.65319)))+5762803.89 -> 4987463.4 | C5: =AVERAGEIFS('Bannister''s Demand'!$F:$F,'Bannister''s Demand'!$B:$B,'25% CB Noise'!$A5) -> 0.8535175 | D5: =_xlfn.MAXIFS('Bannister''s Demand'!$F:$F,'Bannister''s Demand'!$B:$B,'25% CB Noise'!$A5) -> 0.95322352 | E5: =D5/C5*B5 -> 5570087.8 | F5: =_xlfn.MINIFS('Bannister''s Demand'!$F:$F,'Bannister''s Demand'!$B:$B,'25% CB Noise'!$A5) -> 0.70236588 | G5: =F5/C5*B5 -> 4104220.6 | H5: =ABS(E5-$B5) -> 582624.36 | I5: =ABS(G5-$B5) -> 883242.82
A6: 5 | B6: =470485.656*(-SIN(2*PI()/24*(A6+1.92))-COS(2*PI()/24*2*(A6+501.65319)))+5762803.89 -> 5220932.7 | C6: =AVERAGEIFS('Bannister''s Demand'!$F:$F,'Bannister''s Demand'!$B:$B,'25% CB Noise'!$A6) -> 0.86762154 | D6: =_xlfn.MAXIFS('Bannister''s Demand'!$F:$F,'Bannister''s Demand'!$B:$B,'25% CB Noise'!$A6) -> 0.99270186 | E6: =D6/C6*B6 -> 5973606.5 | F6: =_xlfn.MINIFS('Bannister''s Demand'!$F:$F,'Bannister''s Demand'!$B:$B,'25% CB Noise'!$A6) -> 0.71400093 | G6: =F6/C6*B6 -> 4296517.2 | H6: =ABS(E6-$B6) -> 752673.74 | I6: =ABS(G6-$B6) -> 924415.59
A7: 6 | B7: =470485.656*(-SIN(2*PI()/24*(A7+1.92))-COS(2*PI()/24*2*(A7+501.65319)))+5762803.89 -> 5508306.1 | C7: =AVERAGEIFS('Bannister''s Demand'!$F:$F,'Bannister''s Demand'!$B:$B,'25% CB Noise'!$A7) -> 0.90721964 | D7: =_xlfn.MAXIFS('Bannister''s Demand'!$F:$F,'Bannister''s Demand'!$B:$B,'25% CB Noise'!$A7) -> 1.0730837 | E7: =D7/C7*B7 -> 6515371.7 | F7: =_xlfn.MINIFS('Bannister''s Demand'!$F:$F,'Bannister''s Demand'!$B:$B,'25% CB Noise'!$A7) -> 0.74630068 | G7: =F7/C7*B7 -> 4531264.9 | H7: =ABS(E7-$B7) -> 1007065.6 | I7: =ABS(G7-$B7) -> 977041.15
A8: 7 | B8: =470485.656*(-SIN(2*PI()/24*(A8+1.92))-COS(2*PI()/24*2*(A8+501.65319)))+5762803.89 -> 5781496 | C8: =AVERAGEIFS('Bannister''s Demand'!$F:$F,'Bannister''s Demand'!$B:$B,'25% CB Noise'!$A8) -> 0.96351601 | D8: =_xlfn.MAXIFS('Bannister''s Demand'!$F:$F,'Bannister''s Demand'!$B:$B,'25% CB Noise'!$A8) -> 1.1279979 | E8: =D8/C8*B8 -> 6768455.9 | F8: =_xlfn.MINIFS('Bannister''s Demand'!$F:$F,'Bannister''s Demand'!$B:$B,'25% CB Noise'!$A8) -> 0.78438859 | G8: =F8/C8*B8 -> 4706657.1 | H8: =ABS(E8-$B8) -> 986959.87 | I8: =ABS(G8-$B8) -> 1074838.9
A9: 8 | B9: =470485.656*(-SIN(2*PI()/24*(A9+1.92))-COS(2*PI()/24*2*(A9+501.65319)))+5762803.89 -> 5981829.5 | C9: =AVERAGEIFS('Bannister''s Demand'!$F:$F,'Bannister''s Demand'!$B:$B,'25% CB Noise'!$A9) -> 1.0045106 | D9: =_xlfn.MAXIFS('Bannister''s Demand'!$F:$F,'Bannister''s Demand'!$B:$B,'25% CB Noise'!$A9) -> 1.125177 | E9: =D9/C9*B9 -> 6700394.1 | F9: =_xlfn.MINIFS('Bannister''s Demand'!$F:$F,'Bannister''s Demand'!$B:$B,'25% CB Noise'!$A9) -> 0.85140071 | G9: =F9/C9*B9 -> 5070064.6 | H9: =ABS(E9-$B9) -> 718564.57 | I9: =ABS(G9-$B9) -> 911764.86
A10: 9 | B10: =470485.656*(-SIN(2*PI()/24*(A10+1.92))-COS(2*PI()/24*2*(A10+501.65319)))+5762803.89 -> 6074778.9 | C10: =AVERAGEIFS('Bannister''s Demand'!$F:$F,'Bannister''s Demand'!$B:$B,'25% CB Noise'!$A10) -> 1.0201846 | D10: =_xlfn.MAXIFS('Bannister''s Demand'!$F:$F,'Bannister''s Demand'!$B:$B,'25% CB Noise'!$A10) -> 1.1069069 | E10: =D10/C10*B10 -> 6591175 | F10: =_xlfn.MINIFS('Bannister''s Demand'!$F:$F,'Bannister''s Demand'!$B:$B,'25% CB Noise'!$A10) -> 0.90692523 | G10: =F10/C10*B10 -> 5400366.3 | H10: =ABS(E10-$B10) -> 516396.04 | I10: =ABS(G10-$B10) -> 674412.66
A11: 10 | B11: =470485.656*(-SIN(2*PI()/24*(A11+1.92))-COS(2*PI()/24*2*(A11+501.65319)))+5762803.89 -> 6057908.8 | C11: =AVERAGEIFS('Bannister''s Demand'!$F:$F,'Bannister''s Demand'!$B:$B,'25% CB Noise'!$A11) -> 1.027895 | D11: =_xlfn.MAXIFS('Bannister''s Demand'!$F:$F,'Bannister''s Demand'!$B:$B,'25% CB Noise'!$A11) -> 1.0993835 | E11: =D11/C11*B11 -> 6479226.9 | F11: =_xlfn.MINIFS('Bannister''s Demand'!$F:$F,'Bannister''s Demand'!$B:$B,'25% CB Noise'!$A11) -> 0.95611014 | G11: =F11/C11*B11 -> 5634843.8 | H11: =ABS(E11-$B11) -> 421318.15 | I11: =ABS(G11-$B11) -> 423065
A12: 11 | B12: =470485.656*(-SIN(2*PI()/24*(A12+1.92))-COS(2*PI()/24*2*(A12+501.65319)))+5762803.89 -> 5959996.9 | C12: =AVERAGEIFS('Bannister''s Demand'!$F:$F,'Bannister''s Demand'!$B:$B,'25% CB Noise'!$A12) -> 1.0341736 | D12: =_xlfn.MAXIFS('Bannister''s Demand'!$F:$F,'Bannister''s Demand'!$B:$B,'25% CB Noise'!$A12) -> 1.1123944 | E12: =D12/C12*B12 -> 6410787.5 | F12: =_xlfn.MINIFS('Bannister''s Demand'!$F:$F,'Bannister''s Demand'!$B:$B,'25% CB Noise'!$A12) -> 0.94668053 | G12: =F12/C12*B12 -> 5455769.8 | H12: =ABS(E12-$B12) -> 450790.63 | I12: =ABS(G12-$B12) -> 504227.05
A13: 12 | B13: =470485.656*(-SIN(2*PI()/24*(A13+1.92))-COS(2*PI()/24*2*(A13+501.65319)))+5762803.89 -> 5831670.2 | C13: =AVERAGEIFS('Bannister''s Demand'!$F:$F,'Bannister''s Demand'!$B:$B,'25% CB Noise'!$A13) -> 1.038191 | D13: =_xlfn.MAXIFS('Bannister''s Demand'!$F:$F,'Bannister''s Demand'!$B:$B,'25% CB Noise'!$A13) -> 1.1184018 | E13: =D13/C13*B13 -> 6282226.3 | F13: =_xlfn.MINIFS('Bannister''s Demand'!$F:$F,'Bannister''s Demand'!$B:$B,'25% CB Noise'!$A13) -> 0.94880895 | G13: =F13/C13*B13 -> 5329598.4 | H13: =ABS(E13-$B13) -> 450556.08 | I13: =ABS(G13-$B13) -> 502071.79
... A25: 24 | B25: =470485.656*(-SIN(2*PI()/24*(A25+1.92))-COS(2*PI()/24*2*(A25+501.65319)))+5762803.89 -> 5378353.8 | C25: =AVERAGEIFS('Bannister''s Demand'!$F:$F,'Bannister''s Demand'!$B:$B,'25% CB Noise'!$A25) -> 0.92354493 | D25: =_xlfn.MAXIFS('Bannister''s Demand'!$F:$F,'Bannister''s Demand'!$B:$B,'25% CB Noise'!$A25) -> 1.0094792 | E25: =D25/C25*B25 -> 5878800.3 | F25: =_xlfn.MINIFS('Bannister''s Demand'!$F:$F,'Bannister''s Demand'!$B:$B,'25% CB Noise'!$A25) -> 0.78186939 | G25: =F25/C25*B25 -> 4553292.5 | H25: =ABS(E25-$B25) -> 500446.5 | I25: =ABS(G25-$B25) -> 825061.32
H26: =AVERAGE(H2:H25) -> 642097.98 | I26: =AVERAGE(I2:I25) -> 715547.74

Sheet Energy Draw Calculations
A1: Type | B1: Number | C1: Gigajouleage Annual | D1: GJ | E1: sec in year | F1: watt draw | G1: kw | H1: MW
A2: Detached Single multiple family | B2: 10 | C2: 78 | D2: 780 | E2: 31536000 | F2: 1578592.7 | G2: 1578.5927 | H2: 1.5785927
A3: Detached Single Other | B3: 30 | C3: 78 | D3: 2340
A4: Detached Single family | B4: 315 | C4: 78 | D4: 24570
A5: Apartment unit | B5: 85 | C5: 30.5 | D5: 2592.5
A6: Non family houshold | B6: 250 | C6: 78 | D6: 19500
A7: Total | B7: 690 | C7: 342.5 | D7: 49782.5
